Company Name,Website,city,Segment,Products They Make,Revenue Band,Decision Maker,C1,C2,C3,C4,C5,C6,SCORE,VERDICT,HOOK
Heatcon  innovativen thermal technology,https://heatconsensors.com/,Bengaluru,industrial sensor,"manifactures thermocouples,rtds,temprature sensoramd industrial heaters",30–100Cr,Not publicly available  ,Strong – Manufactures industrial sensors and instrumentation products,Strong – Bengaluru-based company with local operations,Moderate – Standard industrial sensing products,Moderate – Limited public information about leadership,Strong – Industrial automation and Industry 4.0 growth,Moderate – Active website and product listings but limited visible expansion,67,Fit,Specializes in temperature sensing solutions for industrial heating applications
Flipo Sensors Pvt ltd,https://filprosensors.com/index.html,Bengaluru,level sensor,"manufacture level switch,level transmitter,level indicator,level controller",<30Cr,Not publicly available  ,Strong – Manufactures industrial sensors and instrumentation products,Strong – Bengaluru-based company with local operations,Moderate – Standard industrial sensing products,Moderate – Limited public information about leadership,Strong – Industrial automation and Industry 4.0 growth,Moderate – Basic website presence with limited growth signals,62,Fit,Focuses on level measurement and control systems for industrial processes
Speon sensors,https://www.speonsensors.com/,Bengaluru,industrial sensors,"pre-set counter,pre-set timer,rpm controller with relay output,count indicatore,rpm indicatore",<30Cr,Not publicly available  ,Moderate – Manufactures automation instruments but limited sensor focus,Strong – Bengaluru-based company with local operations,Moderate – Basic industrial automation products,Moderate – Limited public information about leadership,Strong – Industrial automation and Industry 4.0 growth,Moderate – Active product listings but limited growth visibility,57,Borderline,Provides control and monitoring devices for industrial automation systems
SRI Electronics,https://olelectronics.in/,Bengaluru,industrial sensors,"proximity sensors,optical semsors,photo electric sensors,rtd sensors,connector type sensors",30–100Cr,Not publicly available  ,Strong – Manufactures industrial sensors and instrumentation products,Strong – Bengaluru-based company with local operations,Moderate – Standard industrial sensing products,Moderate – Limited public information about leadership,Strong – Industrial automation and Industry 4.0 growth,Moderate – Active website but limited expansion signals,65,Fit,Offers a wide range of proximity and optical sensors for automation industries
SEMITEC,https://semitec-india.com/index.html,Bengaluru,"home appliance,medical,office automation","air temprature sensor,thermometer,ear temprature,medical analyzer",>500Cr,Not publicly available  ,Strong – Manufactures temperature sensors and thermistors,Moderate – India presence but global company,Strong – Advanced sensor technology for medical and electronics,Moderate – Leadership not India-focused,Strong – Growth in medical and electronics sensing,Strong – Active global operations and expansion,75,Fit,Develops advanced temperature sensing solutions for medical and electronic applications
ENCON Engineers,https://enconengineers.in/,Bengaluru,industrial sensors and solutions,"electrical fly wheel,mitigate power surge ",<30Cr ,Not publicly available  ,Moderate – Manufactures industrial products with limited sensor specialization,Strong – Bengaluru-based company with local operations,Moderate – Basic industrial solutions,Moderate – Limited public information about leadership,Strong – Industrial demand for automation solutions,Moderate – Limited visible growth signals,55,Borderline,Works on electrical and power-related industrial solutions for automation systems
Ascensor ,https://www.ascensortech.com/,Bengaluru,power and automation sensor,"transmitter for HVAC,NDIR sensor co2 measuring range",<30Cr ,Not publicly available  ,Strong – Manufactures automation sensors and HVAC instrumentation,Strong – Bengaluru-based company with local operations,Moderate – Standard industrial sensing products,Moderate – Limited public information about leadership,Strong – HVAC and automation sector growth,Moderate – Active website presence,63,Fit,Provides HVAC-based sensing solutions including CO2 and environmental monitoring
Delta process control instruments,http://deltainstruments.in/,Bengaluru,industrial products,"eco datasheet,brass internal,utility gauge,capsule gauge", 30–100Cr ,Not publicly available  ,Strong – Manufactures pressure and process control instruments,Strong – Bengaluru-based company with local operations,Moderate – Standard industrial measurement products,Moderate – Limited public information about leadership,Strong – Process control instrumentation demand,Moderate – Active product listings but limited expansion signals,66,Fit,Focuses on pressure and process control instrumentation for industrial use
HTA instumentation pvt ltd,https://www.htaipl.com/index.php,Bengaluru,measuring instruments,"buulkhead temprature sensor,level switches,pressure switches", <30Cr ,Not publicly available  ,Strong – Manufactures temperature and level sensors,Strong – Bengaluru-based company with local operations,Moderate – Standard industrial sensor solutions,Moderate – Limited public information about leadership,Strong – Industrial measurement sector growth,Moderate – Active website presence,64,Fit,Offers temperature and level sensing solutions for industrial measurement applications
Multitech automations,https://multitechautomations.com/,Bengaluru,industrial automation requirements,"photoelectric sensors, pressure sensor,HMI,PAC,PLC", 30–100Cr ,Not publicly available  ,Strong – Manufactures sensors and automation systems,Strong – Bengaluru-based company with local operations,Moderate – Standard automation products,Moderate – Limited public information about leadership,Strong – Industrial automation growth,Moderate – Active product listings,65,Fit,Provides automation-ready sensor systems integrated with PLC and control units
Leuze,https://www.leuze.com/en-in,Bengaluru,industrial sensors,"AC/DC sensors,IO-link sensors",>500Cr,Global leadership team (India head not publicly specified)  ,Strong – Manufactures industrial sensors,Moderate – India presence but global company,Strong – Advanced industrial sensing technology,Moderate – Global leadership structure,Strong – Strong industrial automation growth,Strong – Active global expansion,75,Fit,Develops advanced sensing technologies for industrial automation environments
Electron Systems,https://www.electronsystem.in/,Bengaluru,Industrial Sensors,Electronic measurement and control systems,30–100Cr ,Not publicly available  ,Strong – Manufactures electronic measurement systems,Strong – Bengaluru-based company with local operations,Moderate – Standard industrial electronics solutions,Moderate – Limited public information about leadership,Strong – Growth in industrial measurement sector,Moderate – Active website presence,64,Fit,Focuses on electronic measurement and control systems for industrial applications
Toshniwal Industries Pvt Ltd,https://www.toshniwal.com/,Bengaluru,Industrial Sensors,"Analytical instruments, pressure/flow measurement systems", 100–300Cr ,Managing Director (Not publicly available)  ,Strong – Manufactures analytical and process instruments,Strong – Bengaluru-based company with local operations,Moderate – Established industrial measurement solutions,Moderate – Limited public information about leadership,Strong – Growth in process industries,Moderate – Active operations,66,Fit,Provides analytical and process instrumentation for industrial and chemical sectors
Syscon Instruments Pvt Ltd,https://www.sysconinstruments.com/,Bengaluru,Industrial Sensors,"Environmental monitoring systems, gas sensors",30–100Cr,Not publicly available  ,Strong – Manufactures environmental monitoring systems,Strong – Bengaluru-based company with local operations,Moderate – Standard monitoring solutions,Moderate – Limited public information about leadership,Strong – Environmental monitoring demand,Moderate – Active website presence,64,Fit,Offers environmental and gas monitoring systems for industrial safety applications
SENSO PART,https://www.ttelectronics.com/,Bengaluru,industrial sensors,"optical sensors,vision sensors,ultrasonic sensors,inductive sensors",>500Cr (global) ,Global leadership team  ,Strong – Manufactures industrial sensors,Moderate – Global company with India presence,Strong – Advanced sensing technologies,Moderate – Global leadership,Strong – Strong industrial automation demand,Strong – Active global operations,75,Fit,Develops advanced optical and vision-based sensing solutions
Turck India Automation Pvt Ltd,https://www.turck.com/en/in,Bengaluru,industrial sensors,"Proximity sensors, industrial automation sensors", >500Cr ,Global leadership team  ,Strong – Manufactures automation sensors,Moderate – Global company presence,Strong – Advanced industrial sensing solutions,Moderate – Global leadership,Strong – Industrial automation growth,Strong – Active international operations,75,Fit,Provides industrial automation sensors including proximity and process sensors
Custom Sensors & Technologies (India),https://www.cstsensors.com/,Bengaluru,industrial sensors,"Pressure sensors, temperature sensors, control systems", >500Cr (global) ,Global leadership team  ,Strong – Manufactures pressure and temperature sensors,Moderate – Global presence with India operations,Strong – Advanced sensing technology,Moderate – Global leadership,Strong – Growing sensor market,Strong – Active global operations,75,Fit,Focuses on high-precision pressure and temperature sensing technologies
Datoms,https://datoms.io/,Bengaluru,Industrial IoT Sensors,IoT-based machine monitoring and sensor systems, <30Cr (startup) ,"Founder (startup leadership, not publicly detailed)  ",Strong – Develops IoT-based sensor systems,Strong – Bengaluru-based startup,Moderate – Emerging technology solutions,Moderate – Startup leadership visibility limited,Strong – Industrial IoT growth,Moderate – Early-stage growth signals,60,Fit,Develops IoT-based sensor systems for real-time industrial monitoring
Arcotherm Pvt Ltd,https://www.arcotherm.in/,Bengaluru,industrial sensors,"Temperature sensors, industrial heating systems", 30–100Cr ,Not publicly available  ,Strong – Manufactures temperature sensors and heating systems,Strong – Bengaluru-based company with local operations,Moderate – Standard industrial heating solutions,Moderate – Limited public information about leadership,Strong – Industrial heating demand,Moderate – Active website,63,Fit,Specializes in industrial heating and temperature sensing solutions
Tempsens Instruments India Pvt Ltd,https://www.tempsens.com/,Bengaluru,industrial sensors,"Temperature sensors, thermocouples, calibration systems", 100–300Cr ,Managing Director (Not publicly available)  ,Strong – Manufactures temperature and calibration sensors,Strong – India-based company,Strong – Advanced industrial sensor solutions,Moderate – Leadership not fully public,Strong – Industrial measurement growth,Strong – Active expansion,72,Fit,Provides advanced temperature and calibration systems for industrial applications
MicroLOGIX (Medical Electronics),https://www.e-micrologix.com/,Bengaluru,Medical Devices,"Medical electronics, diagnostic device systems", <30Cr ,Not publicly available  ,Strong – Manufactures medical electronic devices,Strong – Bengaluru-based company,Moderate – Standard medical device solutions,Moderate – Limited public information about leadership,Strong – Medical device sector growth,Moderate – Active product listing,60,Fit,Develops medical electronic devices for diagnostic and healthcare applications
Thames Side Sensors India Pvt Ltd,https://www.thames-side.com/,Bengaluru,industrial sensors,"Load cells, weighing sensors",– 30–100Cr ,India leadership team  ,Strong – Manufactures load cells and weighing sensors,Strong – India operations present,Moderate – Standard sensor solutions,Moderate – Limited public information about leadership,Strong – Industrial weighing demand,Moderate – Active presence,63,Fit,Offers load cell and weighing sensor solutions for industrial systems
Flowline Instrumentations Pvt Ltd,https://flowlineinstrumentation.com/,Bengaluru,industrial sensors,"Flow meters, level sensors, process control instruments", <30Cr ,Not publicly available  ,Strong – Manufactures flow and level sensors,Strong – Bengaluru-based company,Moderate – Standard process control products,Moderate – Limited public information about leadership,Strong – Process industry growth,Moderate – Active website,62,Fit,Provides flow and level measurement solutions for process industries
Janya Tech Pvt Ltd,https://janyatech.com/,Bengaluru,industrial sensors,"Industrial IoT sensors, monitoring systems, automation solutions",<30Cr ,Not publicly available  ,Strong – Develops industrial IoT sensor systems,Strong – Bengaluru-based company,Moderate – Emerging automation solutions,Moderate – Limited public information about leadership,Strong – Industrial IoT growth,Moderate – Active website,60,Fit,Develops IoT-enabled automation and monitoring solutions for industries
Ajay Sensors & Instruments,https://ajaysensors.com/,Bengaluru,industrial sensors,"Temperature sensors, pressure sensors, instrumentation system",<30Cr ,Not publicly available  ,Strong – Manufactures temperature and pressure sensors,Strong – Bengaluru-based company,Moderate – Standard instrumentation solutions,Moderate – Limited public information about leadership,Strong – Instrumentation and automation demand,Moderate – Active presence,62,Fit,Offers temperature and pressure sensing solutions for industrial instrumentation
